"name","category","area","website","email","phone","why_relevant","source_url","checked_on"
"Topper Teachers Academy","Coaching classes","Sadashiv Peth / FC Road / Shivajinagar (multi-branch)","www.topperteachers.com","info@topperteachers.com","7020522010","MPSC/UPSC coaching chain needs bulk B/W notes, test papers and spiral binding","https://topperteachers.com/top-10-mpsc-classes-in-pune/","2026-07-25"
"The Unique Academy","Coaching classes","Senapati Bapat Road / Shivajinagar","theuniqueacademy.com","info@theuniqueacademy.com","+91 89299 20917","Large UPSC/MPSC academy prints study material, current-affairs booklets and mock test sets","https://theuniqueacademy.com/contact-us/","2026-07-25"
"Chanakya Mandal Pariwar","Coaching classes","Sadashiv Peth (1557, near Vitthal Mandir)","chanakyamandal.org","office@chanakyamandal.org","080-69015454","UPSC/MPSC institute steps from ABC branch; bulk notes, workbooks, binding","https://chanakyamandal.org/contact-us/","2026-07-25"
"Bakliwal Tutorials","Coaching classes","Kasba Peth / Camp (multi-branch)","www.bakliwaltutorialsiit.com","info@bakliwaltutorialsiit.com","7304 400 400","IIT-JEE coaching prints DPPs, test papers and study modules in volume","https://www.bakliwaltutorialsiit.com/index.php/contact-enquiry","2026-07-25"
"Sir Parashurambhau (S.P.) College","College","Tilak Road, Sadashiv Peth","www.spcollegepune.ac.in","","020-24331978","Autonomous college near ABC/Mukund Nagar branches; exam papers, forms, prospectus (email not publicly readable on site; phone from official contact page)","https://www.spcollegepune.ac.in/contact.php","2026-07-25"
"Fergusson College","College","FC Road, Deccan","www.fergusson.edu","principal@fergusson.edu","020 66866000","Large autonomous college near JM Road branch; admission prospectus, exam stationery, scanning","https://fcadmission.deccansociety.org/contact.html","2026-07-25"
"Brihan Maharashtra College of Commerce (BMCC)","College","Deccan Gymkhana, Shivajinagar","www.bmcc.ac.in","office.bmcc@despune.org","+91 20 6765 6200","Commerce college near JM Road branch; bulk exam printing, certificates, lamination","https://bmccadmission.deccansociety.org/contact.html","2026-07-25"
"Modern College of Arts Science & Commerce","College","Shivajinagar","moderncollegepune.edu.in","contact@moderncollegepune.edu.in","020-25535102","Autonomous college near JM Road branch; forms, question papers, binding of project reports","https://moderncollegepune.edu.in/contact-us/","2026-07-25"
"ILS Law College","College","Law College Road, Deccan","www.ilslaw.edu","","91-20-25656775","Law college; moot court compilations, case-law printing, hard binding of dissertations (email shown obfuscated on site; phone from official contact page)","https://ilslaw.edu/contact-us/","2026-07-25"
"MES Abasaheb Garware College","College","Karve Road, Erandwane (Deccan)","garwarecollege.mespune.in","","020-41038200","Large arts/science college near Deccan; exam papers, lab manuals, binding (email obfuscated on site; phone from official contact page)","https://garwarecollege.mespune.in/contact-us/","2026-07-25"
"Millennium National School","School","Karvenagar","www.myshala.com","principal@myshala.com","+91 7798982010","CBSE school; worksheets, report cards, circulars, event certificates and lamination","https://myshala.com/team/contact-us/","2026-07-25"
"Adv. Shirish Patil & Associates","Law firm","Shivajinagar","advshirishpatil.in","advocateshirishpatil@gmail.com","+91 9763799826","Litigation practice near district court; case-file xerox, binding, scanning of pleadings","https://advshirishpatil.in/","2026-07-25"
"Parinam Law Associates (Pune office)","Law firm","Kundan Chambers, Thube Park, Shivajinagar","parinamlaw.com","contact.pune@parinamlaw.com","+91 22 2553 0711","Full-service law firm; bulk photocopying of proceedings, paperbook binding","https://parinamlaw.com/contact-us/","2026-07-25"
"Anevagi Law Firm","Law firm","Near Kamla Nehru Park, Shivajinagar","www.anevagi.com","","+91 20 2566 6228","Multi-city law firm with Pune office; litigation paperwork, deed printing, scanning (no public email found on contact page; phone from official site)","https://www.anevagi.com/contact-us.php","2026-07-25"
"A N Gawade & Co LLP (Chartered Accountants)","CA / accounting firm","Baner","angca.com","ang@angca.com","+91-9545643474","CA firm; audit report printing, hard binding of financials, client stationery","https://angca.com/contact-us/","2026-07-25"
"Kirtane & Pandit LLP (Chartered Accountants)","CA / accounting firm","Karve Road, Kothrud","kirtanepandit.com","","+91-20-2543 3104","Large audit & advisory firm; annual report printing, binding, bulk xerox (no general email publicly listed; phone from official contact page)","https://kirtanepandit.com/contact-us","2026-07-25"
"P G Bhagwat LLP (Chartered Accountants)","CA / accounting firm","Baner","pgbhagwatca.com","","+91-20-27290771","Legacy audit firm; statutory audit files, binding, letterheads (no public email on contact page; phone from official site)","https://pgbhagwatca.com/contact/","2026-07-25"
"CA Pranjal Joshi & Co","CA / accounting firm","Mayur Colony, Kothrud","www.capranjaljoshi.com","contact@capranjaljoshi.com","+91 20 2543 0276","CA practice; tax audit reports, GST filings printouts, spiral binding","http://www.capranjaljoshi.com/contact-us.html","2026-07-25"
"AVA Architects (Aniruddha Vaidya & Associates)","Architecture firm","Off JM Road, Shivajinagar","www.avaarchitects.in","info@avaarchitects.in","020 25530420","Architecture studio next to JM Road branch; large-format CAD plots, presentation boards, lamination","https://www.avaarchitects.in/contact-us.php","2026-07-25"
"Soman Engineering Services","Engineering consultants","Pune","somanengineeringservices.com","contact@somanengineeringservices.com","+91-7000429988","Structural consultancy; RCC/steel drawing prints (A1/A0 CAD), report binding","https://somanengineeringservices.com/contact-us","2026-07-25"
"Strucpro Consultants","Engineering consultants","Baner","strucpro.in","info.strucpro@gmail.com","+91-7558762483","Structural design office; recurring CAD plotting and drawing sets for site submission","https://strucpro.in/","2026-07-25"
"Paranjape Schemes (Construction) Ltd","Real estate developer","PSC House, Off Prabhat Road, Erandwane","www.pscl.in","info@pscl.in","","Major Pune developer; project brochures, floor-plan prints, site-office stationery (phone not captured from official page; email from official site)","https://www.pscl.in/contact-us/","2026-07-25"
"Kolte-Patil Developers Ltd","Real estate developer","Boat Club Road, Pune 411001","www.koltepatil.com","info.kpdl@koltepatil.com","+91 20 6742 9200","Listed developer HQ in Pune; marketing brochures, RERA document sets, large-format hoardings artwork proofs","https://www.koltepatil.com/contactus","2026-07-25"
"Vilas Javdekar Developers","Real estate developer","Siddharth Towers, Kothrud","javdekars.com","enquiry@javdekars.com","020-67648000","Active Pune builder; sales-kit printing, brochures, agreement copies and binding","https://javdekars.com/","2026-07-25"
"KEM Hospital Pune","Hospital","Rasta Peth","kemhospitalpune.org","info@kemhospital.org","+91 20 6603 7460","Large hospital near Camp/Corporation branches; OPD forms, case-paper printing, file binding","https://www.kemhospitalpune.org/contact-us/","2026-07-25"
"Ruby Hall Clinic","Hospital","Sassoon Road, Camp/Sangamvadi","rubyhall.com","info@rubyhall.com","+91 20 6645 5100","Flagship hospital; high-volume forms, registers, patient education leaflets, lamination","https://rubyhall.com/contact-us/","2026-07-25"
"Deenanath Mangeshkar Hospital & Research Center","Hospital","Erandwane (near Mhatre Bridge)","www.dmhospital.org","info@dmhospital.org","+91 20 4015 1000","Large multispecialty hospital; stationery, consent forms, research report binding","https://www.dmhospital.org/contact-us","2026-07-25"
"Sahyadri Super Speciality Hospital - Deccan Gymkhana","Hospital","Karve Road, Deccan Gymkhana","sahyadrihospital.com","","8806252525","Hospital near JM Road/Deccan branches; forms, signage prints, file covers (no public email on contact page; central phone from official site)","https://sahyadrihospital.com/contact-us/contact-us","2026-07-25"
"Metropolis Healthcare (Golwilkar Metropolis) - Bhandarkar Road Lab","Diagnostic lab","Bhandarkar Road, Deccan","www.metropolisindia.com","Support@metropolisindia.com","8422-801-801","Pathology lab chain; requisition forms, report stationery, envelopes in bulk","https://labs.metropolisindia.com/metropolis-healthcare-ltd-golwilkar-metropolis-diagnostic-centre-bhandarkar-road-pune-94339/Contact-Us","2026-07-25"
"Seva Sahayog Foundation","NGO","Navi Peth (near Sadashiv Peth)","sevasahayog.org","pune@sevasahayog.com","084217 26509","NGO running school-kit and volunteering drives; flyers, banners, donor reports, certificates","https://sevasahayog.org/contact-us/","2026-07-25"
"Deep Griha Society","NGO","Tadiwala Road","deepgriha.org","","+91 20 4018 7373","Community NGO; annual reports, training material, event flyers (no public email on contact page; phone from official site)","https://deepgriha.org/contact-us/","2026-07-25"
"Jnana Prabodhini Publications","NGO / educational publisher","510 Sadashiv Peth","www.jpprakashane.org","jpprakashane@jnanaprabodhini.org","020-24207174","Publishing wing of Jnana Prabodhini, walking distance from ABC branch; books, workbooks, exam material printing","https://www.jpprakashane.org/contact-us/","2026-07-25"
"Total Events","Event management","Warje","totalevents.in","","+91 8329179995","Corporate/wedding event organiser; invites, standees, badges, banners (no public email on contact page; phone from official site)","https://totalevents.in/contact-us-best-event-organizer-in-pune/","2026-07-25"
"CorpVenue","Event management / MICE","Pune","www.corpvenue.com","info@corpvenue.com","+91-7030948888","Corporate event & venue coordination platform; delegate kits, agendas, signage printing","https://www.corpvenue.com/blog/top-event-management-companies-in-pune-for-corporate-and-mice-events","2026-07-25"
"Workplex Coworking","Co-working space","Bibwewadi, Pune-Satara Road","","","","Coworking chain right on Satara Road near branch; member stationery, flex prints, visiting cards (no public email/phone verified on an official page - listed for field visit)","https://theofficeaddress.com/property/workplex","2026-07-25"
